month,value_ZJ,uncertainty_ZJ
2004-01,10.554919,9.844244
2004-02,-1.300703,9.844244
2004-03,45.932838,9.844244
2004-04,46.133739,9.844244
2004-05,24.032481,9.844244
2004-06,-1.090633,9.844244
2004-07,-22.948932,9.844244
2004-08,-42.113361,9.844244
2004-09,-60.733658,9.844244
2004-10,-34.797346,9.844244
2004-11,-31.959330,9.844244
2004-12,-18.324758,9.844244
2005-01,-23.972722,9.844244
2005-02,5.923469,9.844244
2005-03,10.138475,9.844244
2005-04,-12.876750,9.844244
2005-05,-11.807148,9.844244
2005-06,-11.586956,9.844244
2005-07,-67.580966,9.844244
2005-08,-94.124412,9.844244
2005-09,-82.346393,9.844244
2005-10,-88.979783,9.844244
2005-11,-63.970529,9.844244
2005-12,-12.779892,9.844244
2006-01,3.608421,9.844244
2006-02,6.248463,9.844244
2006-03,-17.729065,9.844244
2006-04,4.215319,9.844244
2006-05,-12.980101,9.844244
2006-06,-6.302280,9.844244
2006-07,-59.324091,9.844244
2006-08,-64.629132,9.844244
2006-09,-66.737862,9.844244
2006-10,-60.383116,9.844244
2006-11,-30.369540,9.844244
2006-12,-20.723078,9.844244
2007-01,-4.874871,9.844244
2007-02,4.938929,9.844244
2007-03,-6.256819,9.844244
2007-04,-15.045270,9.844244
2007-05,-26.497876,9.844244
2007-06,-52.256774,9.844244
2007-07,-60.700563,9.844244
2007-08,-94.594830,9.844244
2007-09,-88.612450,9.844244
2007-10,-88.961114,9.844244
2007-11,-52.619533,9.844244
2007-12,-37.832492,9.844244
2008-01,-31.609560,9.844244
2008-02,-15.435946,9.844244
2008-03,15.271794,9.844244
2008-04,0.570066,9.844244
2008-05,7.428015,9.844244
2008-06,-30.948573,9.844244
2008-07,-28.168637,9.844244
2008-08,-63.949863,9.844244
2008-09,-69.343992,9.844244
2008-10,-82.111781,9.844244
2008-11,-59.973058,9.844244
2008-12,-55.911425,9.844244
2009-01,-25.094720,9.844244
2009-02,-13.738063,9.844244
2009-03,12.766042,9.844244
2009-04,8.243134,9.844244
2009-05,3.999021,9.844244
2009-06,-19.455136,9.844244
2009-07,-54.336216,9.844244
2009-08,-69.212806,9.844244
2009-09,-63.642782,9.844244
2009-10,-53.203545,9.844244
2009-11,-38.235460,9.844244
2009-12,-10.185055,9.844244
2010-01,-13.763492,9.844244
2010-02,-13.093231,9.844244
2010-03,2.305357,9.844244
2010-04,3.531609,9.844244
2010-05,-25.663114,9.844244
2010-06,-18.613800,9.844244
2010-07,-39.698202,9.844244
2010-08,-64.210533,9.844244
2010-09,-63.213366,9.844244
2010-10,-42.394507,9.844244
2010-11,-26.064462,9.844244
2010-12,-22.905321,9.844244
2011-01,-22.720805,9.844244
2011-02,-2.035958,9.844244
2011-03,17.221262,9.844244
2011-04,26.982996,9.844244
2011-05,22.475278,9.844244
2011-06,-29.776945,9.844244
2011-07,-28.556454,9.844244
2011-08,-32.252935,9.844244
2011-09,-37.180703,9.844244
2011-10,-58.119686,9.844244
2011-11,-39.184178,9.844244
2011-12,-20.314737,9.844244
2012-01,-6.086117,9.844244
2012-02,18.220276,9.844244
2012-03,21.462798,9.844244
2012-04,29.148333,9.844244
2012-05,17.448884,9.844244
2012-06,-18.596548,9.844244
2012-07,-59.075484,9.844244
2012-08,-66.212903,9.844244
2012-09,-58.283585,9.844244
2012-10,-47.617277,9.844244
2012-11,-21.669924,9.844244
2012-12,-8.652768,9.844244
2013-01,39.127640,9.844244
2013-02,43.528132,9.844244
2013-03,57.462147,9.844244
2013-04,40.761863,9.844244
2013-05,24.162212,9.844244
2013-06,12.283358,9.844244
2013-07,-27.574065,9.844244
2013-08,-33.079847,9.844244
2013-09,-31.225723,9.844244
2013-10,-8.685675,9.844244
2013-11,11.182256,9.844244
2013-12,35.788938,9.844244
2014-01,42.094692,9.844244
2014-02,51.864873,9.844244
2014-03,48.836063,9.844244
2014-04,63.288515,9.844244
2014-05,59.271141,9.844244
2014-06,45.210435,9.844244
2014-07,10.623173,9.844244
2014-08,-17.934027,9.844244
2014-09,-25.864266,9.844244
2014-10,-12.151961,9.844244
2014-11,-9.864102,9.844244
2014-12,25.255197,9.844244
2015-01,31.453589,9.844244
2015-02,60.105728,9.844244
2015-03,82.117210,9.844244
2015-04,88.798648,9.844244
2015-05,88.796227,9.844244
2015-06,47.406263,9.844244
2015-07,23.393291,9.844244
2015-08,13.844992,9.844244
2015-09,2.588354,9.844244
2015-10,10.506750,9.844244
2015-11,17.148516,9.844244
2015-12,45.326313,9.844244
2016-01,51.988841,9.844244
2016-02,67.736835,9.844244
2016-03,97.301539,9.844244
2016-04,82.039520,9.844244
2016-05,68.369500,9.844244
2016-06,34.581900,9.844244
2016-07,-2.815901,9.844244
2016-08,-22.365460,9.844244
2016-09,-11.557445,9.844244
2016-10,-12.999800,9.844244
2016-11,22.079379,9.844244
2016-12,42.247039,9.844244
2017-01,71.170125,9.844244
2017-02,84.647683,9.844244
2017-03,84.787531,9.844244
2017-04,98.289667,9.844244
2017-05,86.728532,9.844244
2017-06,61.708003,9.844244
2017-07,47.366926,9.844244
2017-08,21.759341,9.844244
2017-09,13.594578,9.844244
2017-10,40.488166,9.844244
2017-11,47.581160,9.844244
2017-12,43.873755,9.844244
2018-01,57.763431,9.844244
2018-02,88.356833,9.844244
2018-03,106.775093,9.844244
2018-04,109.454887,9.844244
2018-05,78.512765,9.844244
2018-06,65.230904,9.844244
2018-07,51.005037,9.844244
2018-08,21.371427,9.844244
2018-09,23.897801,9.844244
2018-10,28.532175,9.844244
2018-11,49.207512,9.844244
2018-12,78.209308,9.844244
2019-01,97.753504,9.844244
2019-02,108.202652,9.844244
2019-03,128.258806,9.844244
2019-04,134.782710,9.844244
2019-05,107.956974,9.844244
2019-06,86.265205,9.844244
2019-07,58.614941,9.844244
2019-08,37.637609,9.844244
2019-09,44.184819,9.844244
2019-10,42.771276,9.844244
2019-11,66.374153,9.844244
2019-12,88.009381,9.844244
2020-01,117.949177,9.844244
2020-02,120.629283,9.844244
2020-03,126.837669,9.844244
2020-04,144.739908,9.844244
2020-05,115.821592,9.844244
2020-06,96.687243,9.844244
2020-07,59.491925,9.844244
2020-08,15.038401,9.844244
2020-09,23.991016,9.844244
2020-10,49.716892,9.844244
2020-11,52.184427,9.844244
2020-12,72.374140,9.844244
2021-01,94.100804,9.844244
2021-02,134.680575,9.844244
2021-03,126.596566,9.844244
2021-04,111.978245,9.844244
2021-05,124.117644,9.844244
2021-06,114.246203,9.844244
2021-07,92.591506,9.844244
2021-08,32.872299,9.844244
2021-09,58.171858,9.844244
2021-10,68.621381,9.844244
2021-11,62.363241,9.844244
2021-12,92.418242,9.844244
2022-01,117.821025,9.844244
2022-02,122.812834,9.844244
2022-03,131.328949,9.844244
2022-04,130.509994,9.844244
2022-05,151.288035,9.844244
2022-06,131.515016,9.844244
2022-07,80.335777,9.844244
2022-08,85.384457,9.844244
2022-09,86.015123,9.844244
2022-10,75.415301,9.844244
2022-11,85.450799,9.844244
2022-12,84.999690,9.844244
2023-01,98.532070,9.844244
2023-02,133.852682,9.844244
2023-03,135.271430,9.844244
2023-04,157.399635,9.844244
2023-05,136.187708,9.844244
2023-06,118.558791,9.844244
2023-07,93.512223,9.844244
2023-08,77.941600,9.844244
2023-09,76.104893,9.844244
2023-10,92.147098,9.844244
2023-11,96.914105,9.844244
2023-12,125.749703,9.844244
2024-01,148.453939,9.844244
2024-02,170.935506,9.844244
2024-03,173.130119,9.844244
2024-04,166.556231,9.844244
2024-05,176.935499,9.844244
2024-06,147.399375,9.844244
2024-07,93.724585,9.844244
2024-08,89.665917,9.844244
2024-09,114.821293,9.844244
2024-10,115.044919,9.844244
2024-11,97.111890,9.844244
2024-12,139.285337,9.844244
2025-01,144.112491,9.844244
2025-02,178.053028,9.844244
2025-03,184.058481,9.844244
2025-04,205.767055,9.844244
2025-05,198.508949,9.844244
2025-06,185.079200,9.844244
2025-07,148.489393,9.844244
2025-08,152.455628,9.844244
2025-09,141.613759,9.844244
2025-10,152.516455,9.844244
2025-11,159.124604,9.844244
2025-12,162.492379,9.844244
2026-01,170.890373,9.844244
2026-02,193.992381,9.844244
2026-03,220.437530,9.844244
2026-04,222.949669,9.844244
2026-05,202.941819,9.844244
2026-06,195.863469,9.844244
2026-07,158.773336,9.844244
2026-08,148.854645,9.844244
